<?xml version="1.0" encoding="UTF-8"?>
<project-private xmlns="http://www.netbeans.org/ns/project-private/1">
    <editor-bookmarks xmlns="http://www.netbeans.org/ns/editor-bookmarks/2" lastBookmarkId="0"/>
    <open-files xmlns="http://www.netbeans.org/ns/projectui-open-files/2">
        <group>
            <file>file:/C:/xampp/htdocs/sipbos.com/application/controllers/Admin_master.php</file>
            <file>file:/C:/xampp/htdocs/sipbos.com/</file>
            <file>file:/C:/xampp/htdocs/sipbos.com/application/views/v-admin/transaksi_pembelian.php</file>
            <file>file:/C:/xampp/htdocs/sipbos.com/application/views/v-admin/transaksi_penjualan.php</file>
            <file>file:/C:/xampp/htdocs/sipbos.com/application/models/Mmaster.php</file>
            <file>file:/C:/xampp/htdocs/sipbos.com/application/controllers/Cadmin_pembelian.php</file>
            <file>file:/C:/xampp/htdocs/sipbos.com/application/models/Mpembelian.php</file>
            <file>file:/C:/xampp/htdocs/sipbos.com/application/views/v-admin/transaksi_pembelian_1.php</file>
            <file>file:/C:/xampp/htdocs/sipbos.com/application/views/v-admin/pindah_stock.php</file>
        </group>
    </open-files>
</project-private>
